miniLM-semantico,miniLM-recursivo,mpnet-semantico,mpnet-recursivo,distiluse-semantico,distiluse-recursivo,Referencia,miniLM-semantico_f1,miniLM-recursivo_f1,mpnet-semantico_f1,mpnet-recursivo_f1,distiluse-semantico_f1,distiluse-recursivo_f1,miniLM-semantico_bleu,miniLM-recursivo_bleu,mpnet-semantico_bleu,mpnet-recursivo_bleu,distiluse-semantico_bleu,distiluse-recursivo_bleu,miniLM-semantico_rougeL,miniLM-recursivo_rougeL,mpnet-semantico_rougeL,mpnet-recursivo_rougeL,distiluse-semantico_rougeL,distiluse-recursivo_rougeL,miniLM-semantico_bertscore,miniLM-recursivo_bertscore,mpnet-semantico_bertscore,mpnet-recursivo_bertscore,distiluse-semantico_bertscore,distiluse-recursivo_bertscore
"Para cambiar tu contraseña, sigue estos pasos:

1.  Navega a la sección ""mi cuenta"".
2.  Encontrarás los campos para cambiar tu contraseña.
3.  Deberás introducir tu contraseña actual y luego la nueva contraseña.","Para cambiar tu contraseña, sigue estos pasos:
1.  Navega a la sección ""Mi Cuenta"".
2.  En la sección ""Mi Cuenta"", encontrarás los campos para cambiar su contraseña.
3.  Deberás introducir tu contraseña actual y luego la nueva contraseña.","Para cambiar tu contraseña, sigue estos pasos:

1.  Navega a la sección ""Mi cuenta"".
2.  Encontrarás los campos para cambiar tu contraseña.
3.  Deberás introducir tu contraseña actual y luego la nueva contraseña.","Para cambiar tu contraseña, sigue estos pasos:

1.  Dentro de la aplicación, podrás ingresar al menú de usuario dando clic en las opciones que encuentras a la izquierda en la versión para computadora o en la parte superior izquierda para nuestra app.
2.  En la sección ""Mi Cuenta"", encontrarás los campos para cambiar tu contraseña.
3.  Deberás introducir tu contraseña actual y luego la nueva contraseña.","Para cambiar tu contraseña:
1. Navega a la sección ""Mi cuenta"".
2. Encontrarás los campos para cambiar tu contraseña.
3. Deberás introducir tu contraseña actual y luego la nueva contraseña.","Para cambiar tu contraseña, sigue estos pasos:

1.  Ve a la sección ""Mi Cuenta"".
2.  Encontrarás los campos para cambiar tu contraseña.
3.  Deberás introducir tu contraseña actual y luego la nueva contraseña.",Ve a la sección 'Mi Cuenta'. Ahí encontrarás los campos para cambiar tu contraseña. Ingresa tu contraseña actual y luego la nueva contraseña para guardarla.,0.6250000000000001,0.588235294117647,0.6250000000000001,0.42857142857142855,0.6666666666666666,0.6666666666666666,0.3675342229574865,0.3050709783009333,0.3675342229574865,0.19597669947582846,0.4052593447991676,0.39958216534049085,0.7142857142857143,0.6315789473684211,0.7142857142857143,0.4716981132075471,0.746268656716418,0.7428571428571429,0.8222126960754395,0.8324180841445923,0.8279664516448975,0.7812899351119995,0.8342766761779785,0.8407466411590576
"Para actualizar tu teléfono:

1.  Navega a la sección ""mi cuenta"".
2.  Aquí verás tu información personal, incluyendo nombre, teléfono y correo electrónico.
3.  Puedes editar tu teléfono y correo electrónico en esta sección.","Para actualizar tu teléfono, sigue estos pasos:

1.  Navega a la sección ""Mi Cuenta"".
2.  Aquí verás tu información personal, incluyendo nombre, teléfono y correo electrónico.
3.  Puedes editar tu teléfono y correo electrónico en esta sección.","Para actualizar tu teléfono:

1.  Navega a la sección ""mi cuenta"".
2.  Aquí verás tu información personal, incluyendo nombre, teléfono y correo electrónico.
3.  Puedes editar tu teléfono y correo electrónico en esta sección.","Puedes editar tu teléfono en la sección ""Mi Cuenta"".

Para llegar a esta sección, sigue estos pasos:
1.  Dirígete al menú principal.
2.  Busca y selecciona la sección ""Mi Cuenta"".
3.  Dentro de ""Mi Cuenta"", busca la sección donde puedes editar tu teléfono y correo electrónico.","Para actualizar tu teléfono:

1.  Navega a la sección ""mi cuenta"".
2.  Aquí verás tu información personal, incluyendo nombre, teléfono y correo electrónico.
3.  Puedes editar tu teléfono en esta sección.","Para actualizar tu teléfono, sigue estos pasos:

1.  Ve a la sección ""Mi Cuenta"" desde el menú principal.
2.  Dentro de ""Mi Cuenta"", busca la opción para editar tu información personal.
3.  En esta sección, podrás actualizar tu número de teléfono.",Ingresa a la sección 'Mi Cuenta'. Dentro de tu perfil puedes editar tu número de teléfono y correo electrónico.,0.4347826086956522,0.40816326530612246,0.4347826086956522,0.48000000000000004,0.4444444444444445,0.3137254901960785,0.14634960974388966,0.13423121104280483,0.14634960974388966,0.11870953892594953,0.16087418015789837,0.0945979545043476,0.48484848484848486,0.46376811594202894,0.48484848484848486,0.4415584415584415,0.45161290322580644,0.4166666666666667,0.7918983101844788,0.7927618622779846,0.7918983101844788,0.7812337875366211,0.7876178622245789,0.7631068825721741
"Para subir tu constancia de situación fiscal, sigue estos pasos:

1.  Ve a la sección ""Mi cuenta"".
2.  Encontrarás la subsección ""Suscripción de facturación"".
3.  En esta sección, podrás subir tu constancia de situación fiscal.

Estos datos son informativos y serán visibles para el administrador, quien podrá generar facturas con ellos.","Para subir tu constancia de situación fiscal, sigue estos pasos:

1.  En la sección ""Mi Cuenta"", encontrarás la subsección ""Suscripción de Facturación"".
2.  Aquí puedes subir tu constancia de situación fiscal.

Estos datos son informativos y serán visibles para el administrador, quien podrá generar facturas con ellos.","Para subir tu constancia de situación fiscal, sigue estos pasos:

1.  Ve a la sección ""Mi cuenta"".
2.  Encontrarás la subsección ""Suscripción de facturación"".
3.  Aquí puedes subir tu constancia de situación fiscal.

Estos datos son informativos y serán visibles para el administrador, quien podrá generar facturas con ellos. El administrador puede encontrar estos datos en la sección ""Configuración / Usuarios"".","Para subir tu constancia de situación fiscal, sigue estos pasos:

1.  Ve a la sección ""Mi Cuenta"".
2.  Selecciona la subsección ""Suscripción de Facturación"".
3.  Aquí podrás subir tu constancia de situación fiscal.

Estos datos serán visibles para el administrador, quien podrá generar facturas con ellos.","Para subir tu constancia de situación fiscal, sigue estos pasos:

1.  Ve a la sección ""Mi cuenta"".
2.  Encontrarás la subsección ""Suscripción de facturación"".
3.  En esta sección puedes subir tu constancia de situación fiscal.

Estos datos son informativos y serán visibles para el administrador, quien podrá generar facturas con ellos. El administrador puede encontrar estos datos en la sección ""Configuración / Usuarios"".",No tengo información relacionada a tu pregunta.,"En 'Mi Cuenta' > 'Suscripción de Facturación', puedes subir tu constancia de situación fiscal en PDF o imagen.",0.20689655172413796,0.25925925925925924,0.22222222222222218,0.18867924528301885,0.22222222222222218,0.08695652173913043,0.0901022660381201,0.12037222629817351,0.09239576705257849,0.09627874304999733,0.09209907810664589,0.033551188502715136,0.345679012345679,0.4266666666666667,0.3555555555555555,0.37837837837837834,0.3440860215053763,0.14285714285714288,0.7518327832221985,0.7888491153717041,0.751052975654602,0.7634603381156921,0.7500677108764648,0.6832799911499023
"Para ver tu saldo o tus adeudos, sigue estos pasos:

1.  Navega a la sección ""Mi cuenta"".
2.  Dentro de ""Mi cuenta"", ve a la subsección ""Pagos"".
3.  Aquí podrás ver tu estado de cuenta, dividido en ""Saldo actual"" y ""Saldo a favor"". Ten en cuenta que puedes tener tanto adeudo como saldo a favor simultáneamente.","Para ver tu saldo o tus adeudos, sigue estos pasos:
1. Navega a la sección ""Mi Cuenta"" / ""Pagos"".
2. Aquí podrás ver tu estado de cuenta, dividido en ""Saldo Actual"" y ""Saldo a Favor"".

Ten en cuenta que puedes tener tanto adeudo como saldo a favor simultáneamente.","Para consultar tu estado de cuenta, ver tu saldo a favor o pendiente, sigue estos pasos:

1.  Dirígete a la sección ""Mi cuenta"".

En esta sección también podrás:

*   Activar notificaciones por correo o app.
*   Modificar tus datos personales.
*   Cambiar tu contraseña.
*   Cargar tus datos fiscales y constancia de situación fiscal para facturación.","Para consultar tu estado de cuenta, saldo a favor o pendiente, sigue estos pasos:

1.  Dirígete a la sección ""Mi Cuenta"".
2.  Dentro de esta sección, podrás:
    *   Consultar tu estado de cuenta.
    *   Ver tu saldo a favor o pendiente.

También puedes ver la lista de morosos en la sección ""Finanzas"", en la subsección ""General"", si el administrador lo habilita.","Para ver tu estado de cuenta y tu cuota condominal, sigue estos pasos:

1.  Desde el menú principal, ve a la sección ""Home"".
2.  En la sección ""Home"" verás información de interés general, incluyendo tu estado de cuenta de la cuota condominal.","Para revisar tu estado de cuenta y ver tus adeudos, sigue estos pasos:

1.  Dirígete a la sección ""Mi cuenta"" en el menú principal.
2.  Dentro de ""Mi cuenta"", busca la opción ""estado de cuenta"". Ahí podrás ver tu saldo y adeudos.

También puedes encontrar información sobre los condóminos que tienen adeudos en la sección ""Finanzas"".","Entra a 'Mi Cuenta' y selecciona 'Pagos'. Aquí puedes ver tu estado de cuenta, saldo actual, saldo a favor y todos tus movimientos.",0.36923076923076925,0.39344262295081966,0.3125,0.29032258064516125,0.23529411764705882,0.2727272727272727,0.11208466750961148,0.13106743266401344,0.09018037817565662,0.1000524550799218,0.0839953058488385,0.05413639981770312,0.3614457831325301,0.410958904109589,0.1927710843373494,0.2247191011235955,0.19999999999999998,0.1839080459770115,0.7537965774536133,0.7546178698539734,0.7021521329879761,0.7155839204788208,0.6885566711425781,0.7256203889846802
"Para informar que ya pagaste, sigue estos pasos:

1.  Ve a la sección ""Mi cuenta"" y luego a la subsección ""Pagos"".
2.  Accede a la sección ""Reportes"". Puedes hacerlo de dos maneras:

    *   Haz clic en el icono de ""tabla"" que se encuentra en la parte superior derecha de la sección ""Pagos"" o
    *   Ve directamente a la sección ""Reportes"" desde el menú principal.
3.  En la sección ""Reportes"", localiza el adeudo pendiente que deseas informar como pagado.
4.  Haz clic en el botón ""Pagar"" junto al adeudo.
5.  Adjunta el comprobante de pago. La plataforma te permitirá cargar una foto o un archivo (PDF, etc.) del recibo o comprobante de la transferencia bancaria.
6.  Haz clic en ""Enviar"".
7.  Espera la confirmación. Tu adeudo cambiará al estado ""Revisión"" mientras el administrador verifica el comprobante. Una vez que el administrador lo apruebe, el estado cambiará a ""Pagado"". Si hay algún problema, el estado del adeudo volverá a su estado anterior.","Para informar o registrar un pago (si eres un usuario no administrador), sigue estos pasos:

1.  Ve a la sección ""Mi Cuenta"" y luego a la subsección ""Pagos"".
2.  Accede a la sección ""Reportes"". Puedes hacerlo de dos maneras:
    *   Haz clic en el ícono de ""tabla"" que se encuentra en la parte superior derecha de la sección ""Pagos"" ó
    *   Ve directamente a la sección ""Reportes"" desde el menú principal.
3.  En la sección ""Reportes"", localiza el adeudo pendiente que deseas informar como pagado.
4.  Haz clic en el botón ""Pagar"" junto al adeudo.
5.  Adjunta el comprobante de pago. La plataforma te permitirá cargar una foto o un archivo (PDF, etc.) del recibo o comprobante de la transferencia.","Para informar que ya pagaste un adeudo en MiCoto, sigue estos pasos:

1.  Haz clic en el botón ""Pagar"" junto al adeudo correspondiente.
2.  Adjunta el comprobante de pago. La plataforma te permitirá cargar una foto o un archivo (PDF, etc.) del recibo o comprobante de la transferencia bancaria.
3.  Haz clic en ""Enviar"".
4.  Espera la confirmación. Tu adeudo cambiará al estado ""Revisión"" mientras el administrador verifica el comprobante. Una vez que el administrador lo apruebe, el estado cambiará a ""Pagado"". Si hay algún problema, el estado del adeudo volverá a su estado anterior.","Para informar que ya pagaste, sigue estos pasos:

1.  Ve a la sección ""Mi Cuenta"" y luego a la subsección ""Pagos"".
2.  Accede a la sección ""Reportes"". Puedes hacerlo de dos maneras:
    *   Haz clic en el ícono de ""tabla"" que se encuentra en la parte superior derecha de la sección ""Pagos"" ó
    *   Ve directamente a la sección ""Reportes"" desde el menú principal.
3.  En la sección ""Reportes"", localiza el adeudo pendiente que deseas informar como pagado.
4.  Haz clic en el botón ""Pagar"" junto al adeudo.
5.  Adjunta el comprobante de pago. La plataforma te permitirá cargar una foto o un archivo (PDF, etc.) del recibo o comprobante de la transferencia bancaria.
6.  Haz clic en ""Enviar"".
7.  Espera la confirmación. Tu adeudo cambiará al estado ""Revisión"" mientras el administrador verifica el comprobante. Una vez que el administrador lo apruebe, el estado cambiará a ""PAGADO"". Si hay algún problema, el estado del adeudo volverá a su estado anterior.","Para informar que ya pagaste un adeudo en MiCoto, sigue estos pasos:

1.  Haz clic en el botón ""Pagar"" junto al adeudo correspondiente.
2.  Adjunta el comprobante de pago. La plataforma te permitirá cargar una foto o un archivo (PDF, etc.) del recibo o comprobante de la transferencia bancaria.
3.  Haz clic en ""Enviar"".
4.  Espera la confirmación. Tu adeudo cambiará al estado ""Revisión"" mientras el administrador verifica el comprobante. Una vez que el administrador lo apruebe, el estado cambiará a ""Pagado"". Si hay algún problema, el estado del adeudo volverá a su estado anterior.",No tengo información relacionada a tu pregunta.,"Ve a 'Mi Cuenta' > 'Pagos', busca tu adeudo y haz clic en 'Pagar'. Adjunta el comprobante de transferencia bancaria y envía. Tu recibo quedará pendiente de aprobación por el administrador.",0.23255813953488372,0.23636363636363636,0.2580645161290322,0.23076923076923078,0.2580645161290322,0.11764705882352941,0.03076324021649499,0.03973376957798845,0.047152166122052495,0.03076324021649499,0.047152166122052495,0.006229002612041319,0.19999999999999998,0.20512820512820512,0.22900763358778628,0.20100502512562815,0.22900763358778628,0.1,0.7421181797981262,0.7396798133850098,0.7417490482330322,0.7417768239974976,0.7417490482330322,0.6480645537376404
"Para agregar tus datos fiscales:

1.  En la sección ""Mi Cuenta"", encontrarás la subsección ""Suscripción de Facturación"".
2.  Aquí puedes introducir tus datos de facturación.
3.  También puedes subir tu constancia de situación fiscal en esta sección.
4.  Estos datos son informativos y serán visibles para el administrador, quien podrá generar facturas con ellos.","Para agregar tus datos fiscales, sigue estos pasos:

1.  En la sección ""Mi Cuenta"", encontrarás la subsección ""Suscripción de Facturación"".
2.  Aquí puedes introducir tus datos de facturación y subir tu constancia de situación fiscal.

Estos datos serán visibles para el administrador, quien podrá generar facturas con ellos. El administrador puede encontrar estos datos en la sección ""Configuración / Usuarios"".","Para agregar tus datos fiscales, sigue estos pasos:

1.  Ve a la sección ""mi cuenta"".
2.  Encontrarás la subsección ""suscripción de facturación"".
3.  Aquí puedes introducir tus datos de facturación y subir tu constancia de situación fiscal.

Estos datos serán visibles para el administrador, quien podrá generar facturas con ellos. El administrador puede encontrar estos datos en la sección ""configuración / usuarios"".","Para agregar tus datos fiscales, sigue estos pasos:

1.  En la sección ""Mi Cuenta"", encontrarás la subsección ""Suscripción de Facturación"".
2.  Aquí puedes introducir tus datos de facturación.
3.  También puedes subir tu constancia de situación fiscal en esta sección.
4.  Estos datos son informativos y serán visibles para el administrador, quien podrá generar facturas con ellos. El administrador puede encontrar estos datos en la sección ""Configuración / Usuarios"".","Para agregar tus datos fiscales y subir tu constancia de situación fiscal, sigue estos pasos:

1.  Ve a la sección ""Mi cuenta"".
2.  Encontrarás la subsección ""Suscripción de facturación"".
3.  Aquí puedes introducir tus datos de facturación y subir tu constancia de situación fiscal.

Estos datos son informativos y serán visibles para el administrador, quien podrá generar facturas con ellos.","Para agregar tus datos fiscales, sigue estos pasos:

1.  Ve a la sección ""Mi Cuenta"".
2.  En ""Mi Cuenta"", encontrarás la subsección ""Suscripción de Facturación"".
3.  Aquí puedes introducir tus datos de facturación y subir tu constancia de situación fiscal.

Estos datos serán visibles para el administrador, quien podrá generar facturas con ellos. El administrador puede encontrar estos datos en la sección ""Configuración / Usuarios"".",Ve a 'Mi Cuenta' > 'Suscripción de Facturación' e ingresa tus datos fiscales y constancia de situación fiscal.,0.19354838709677416,0.2222222222222222,0.27272727272727276,0.17142857142857143,0.3225806451612903,0.26865671641791045,0.05137837018384597,0.06643656715703905,0.07112290861980952,0.04008450570411422,0.1017414344178053,0.06780142412091791,0.3333333333333333,0.33707865168539325,0.3736263736263736,0.27999999999999997,0.38202247191011235,0.3617021276595745,0.7662681341171265,0.7649007439613342,0.7536028623580933,0.745134174823761,0.7628223896026611,0.7692610621452332
"Para apartar la terraza para tu evento, sigue estos pasos:

1.  Asegúrate de estar al corriente con tus pagos y no tener adeudos.
2.  Si el apartado tiene un costo, se generará automáticamente un adeudo.
3.  Ingresa la información del evento: número de personas, especificaciones especiales, horario y notas para el administrador.

Una vez generado el evento, se enviará una solicitud al administrador para su aprobación o rechazo. Puedes ver los detalles de los eventos organizados por tu condominio en la sección de áreas comunes.","Para apartar la terraza para tu evento, sigue estos pasos:

1.  Asegúrate de estar al corriente con tus pagos y no tener adeudos.
2.  Dirígete a la sección de ""Áreas comunes"".
3.  Selecciona la fecha deseada para tu evento.
4.  Ingresa información relacionada con tu evento, como el número de personas, especificaciones especiales, horario y notas para el administrador.

Una vez generado el evento, se creará automáticamente una notificación al administrador, quien podrá aceptar o rechazar tu petición.",No tengo información relacionada a tu pregunta.,"Para apartar el salón de eventos, sigue estos pasos:

1.  Debes estar al corriente con tus pagos y no presentar adeudos de ningún tipo.
2.  Navega a la sección ""Áreas Comunes"".
3.  Consulta la disponibilidad del salón de eventos en el calendario.
4.  Si está disponible en la fecha deseada, haz la reservación.
5.  Ingresa información relacionada con tu evento, como número de personas, especificaciones especiales, horario y notas para el administrador.
6.  La reserva se enviará como una solicitud al administrador, quien deberá aprobarla o rechazarla en la sección de ""Configuración General"".","Para apartar la terraza para tu evento, sigue estos pasos:

1.  Asegúrate de estar al corriente con tus pagos y no presentar adeudos.
2.  Una vez que tengas la fecha de tu evento, ingresa información relacionada como: número de personas, especificaciones especiales, horario y notas para el administrador.

Al generar el evento, se creará automáticamente una acción para el administrador, quien podrá aceptar o rechazar tu petición.","Para apartar la terraza para tu evento, sigue estos pasos:

1.  Desde el menú principal, ve a ""Áreas comunes"".
2.  Asegúrate de estar al corriente con tus pagos y no tener adeudos.
3.  Selecciona la fecha de tu evento.
4.  Ingresa información relacionada como: número de personas, especificaciones especiales, horario y notas para el administrador.

Una vez generado el evento, se creará automáticamente una acción al administrador, quien podrá aceptar o rechazar la petición.","Ingresa a 'Áreas Comunes'. Selecciona la fecha, llena los datos del evento y genera la solicitud. El administrador la aprobará o rechazará.",0.1839080459770115,0.175,0.07407407407407408,0.15053763440860213,0.1388888888888889,0.1728395061728395,0.020559465505011032,0.02589146442897593,0.01894696416238162,0.01823155523561388,0.021348298833838035,0.027305510261351355,0.1415929203539823,0.22222222222222218,0.06666666666666667,0.17741935483870966,0.16842105263157894,0.2352941176470588,0.7039852738380432,0.7288172245025635,0.6561646461486816,0.7318433523178101,0.7117264866828918,0.7301644682884216
"Para cancelar una reservación, sigue estos pasos:

1.  Ve a ""areas comunes"".
2.  Abre el calendario y selecciona la fecha ya confirmada.
3.  En la ventana de detalle haz clic en ""cancelar reserva"" y confirma la acción.

Nota: Actualmente no se aplica penalización automática; si hubiera penalizaciones, se deben reflejar manualmente conforme al reglamento interno del área.","Para cancelar una reservación, sigue estos pasos:

1.  Ve a ""Áreas Comunes"".
2.  Abre el calendario y selecciona la fecha ya confirmada.
3.  En la ventana de detalle haz clic en ""Cancelar reserva"" y confirma la acción.

Nota: Actualmente no se aplica penalización automática; si hubiera penalizaciones, se deben reflejar manualmente conforme al reglamento interno del área.","Para cancelar una reservación:

1.  Abre el calendario.
2.  Selecciona la fecha ya confirmada.
3.  En la ventana de detalle haz clic en ""cancelar reserva"" y confirma la acción.

Nota: Actualmente no se aplica penalización automática; si hubiera penalizaciones, se deben reflejar manualmente conforme al reglamento interno del área.","1.  Navegue a la ventana de detalle de la reservación.
2.  Haz clic en ""Cancelar reserva"" y confirma la acción.

Nota: Actualmente no se aplica penalización automática; si hubiera penalizaciones, se deben reflejar manualmente conforme al reglamento interno del área.","Para cancelar una reservación, sigue estos pasos:

1.  Ve a áreas comunes.
2.  Abre el calendario y selecciona la fecha ya confirmada.
3.  En la ventana de detalle haz clic en ""cancelar reserva"" y confirma la acción.

**Nota:** Actualmente no se aplica penalización automática; si hubiera penalizaciones, se deben reflejar manualmente conforme al reglamento interno del área.",No tengo información relacionada a tu pregunta.,"Solo el administrador puede cancelar una reservación: abre 'Áreas Comunes', selecciona la fecha reservada, da clic en 'Cancelar reserva' y confirma.",0.273972602739726,0.273972602739726,0.3333333333333333,0.14035087719298245,0.273972602739726,0.0,0.05476278424634311,0.05476278424634311,0.06384513557361335,0.042857856875100665,0.05476278424634311,0.0,0.3373493975903614,0.3614457831325301,0.3733333333333333,0.24242424242424246,0.3614457831325301,0.06666666666666667,0.7611616253852844,0.7781298160552979,0.7410109639167786,0.7307447791099548,0.7511840462684631,0.6449008584022522
"Para dar seguimiento a tu solicitud, puedes hacer lo siguiente:

1.  Navega a la sección ""Mensajes"".
2.  Los residentes pueden usar el número de ticket para dar seguimiento a su solicitud con el administrador.","Para dar seguimiento a tu solicitud, puedes usar el número de ticket que se te asignó al enviar el mensaje. Los administradores pueden buscar fácilmente los mensajes utilizando este número.","Para dar seguimiento a tu mensaje:

1.  Ve a la sección ""Mensajes"".
2.  Los residentes pueden usar el número de ticket para dar seguimiento a su solicitud con el administrador.","Para dar seguimiento a tu mensaje, puedes hacer lo siguiente:

1.  **Seguimiento de Mensajes:** Puedes usar el número de ticket que se generó cuando enviaste el mensaje.
2.  Los administradores pueden buscar fácilmente los mensajes utilizando este número.
3.  Los mensajes están organizados en categorías como ""No Leídos"", ""Leídos"" o ""Todos"". Puedes revisar estas secciones para ver si tu mensaje ha sido leído o si ha recibido alguna respuesta.","Para enviar mensajes (tickets) a los administradores y dar seguimiento, sigue estos pasos:

1.  Navega a la sección ""Mensajes"".
2.  Los residentes pueden enviar mensajes tipo ""ticket"" a los administradores para seguimiento.
3.  Cada mensaje tendrá un número de seguimiento.

No tengo información sobre el tiempo de respuesta de los administradores.","Para dar seguimiento a tus dudas y registrar la comunicación con el administrador, puedes consultar la sección de ""Mensajes"". Allí puedes enviar mensajes tipo ""ticket"" a los administradores para seguimiento. Cada mensaje tendrá un número de seguimiento.

Para enviar mensajes sigue estos pasos:
1. Navega a la sección ""Mensajes"".
2. Envía un mensaje tipo ""ticket"" a los administradores.
3. Cada mensaje tendrá un número de seguimiento.","Revisa la sección 'Mensajes', filtra por 'No Leídos' o envía uno nuevo al administrador con referencia del mensaje anterior.",0.1276595744680851,0.0425531914893617,0.13953488372093023,0.05263157894736842,0.10344827586206896,0.1694915254237288,0.04708497829158307,0.03420191043259612,0.053528882627103876,0.017425571271176506,0.031150226112715788,0.02577669283314708,0.20689655172413793,0.14545454545454545,0.2222222222222222,0.14141414141414144,0.1842105263157895,0.1702127659574468,0.7074002027511597,0.6775454878807068,0.7236807346343994,0.6807517409324646,0.7030764222145081,0.6900297999382019
No tengo información relacionada a tu pregunta.,No tengo información relacionada a tu pregunta.,"Para ver lo que escribió el administrador, puedes acceder a las siguientes secciones:

*   **Mensajes:** En el apartado de mensajes puedes enviar y recibir mensajes con el administrador de tu condominio.
*   **Administración:** En la sección de administración se publican documentos de interés general como actas de asamblea, minutas de reuniones vecinales y reglamentos internos.

    1.  Navega a la sección ""Administración"".
    2.  Aquí podrás ver las actas de asamblea de tu condominio, minutas de reuniones vecinales y reglamentos internos.",En este apartado puedes enviar y recibir mensajes con el administrador de tu condominio. El administrador tendrá la facultad de enviar mensajes privados y comunicaciones públicas a los integrantes de su condominio.,"Para ver lo que escribió el administrador, puedes revisar las siguientes secciones:

1.  **Mensajes:**
    *   En el apartado de mensajes puedes enviar y recibir mensajes con el administrador de tu condominio.
2.  **Administración:**
    *   En la sección de administración se publican documentos de interés general, como actas de asamblea, minutas de reuniones vecinales y reglamentos internos.
3.  **Morosos:**
    *   En la subsección ""General"", se encuentra la sección de morosos.
4.  **Recibos pendientes:**
    *   Navega a la sección ""Finanzas"" y luego a la subsección ""Ingresos"".","Puedes ver lo que escribe el administrador en dos secciones:

1.  **Mensajes:** En este apartado puedes enviar y recibir mensajes con el administrador de tu condominio. El administrador tendrá la facultad de enviar mensajes privados y comunicaciones públicas a los integrantes de su condominio.
2.  **Administración:** Aquí se publican documentos de interés general, como actas de asamblea, minutas de reuniones vecinales y reglamentos internos. Los reglamentos de uso estarán disponibles en la sección de administración.","Ve a 'Mensajes'. Aquí puedes ver mensajes privados y comunicaciones públicas del administrador, así como el historial.",0.08333333333333333,0.08333333333333333,0.2647058823529412,0.39024390243902435,0.21333333333333335,0.3142857142857143,0.0387034765938594,0.0387034765938594,0.022136081736494992,0.1498354522579582,0.02020272105877781,0.0682679257124719,0.07692307692307691,0.07692307692307691,0.11764705882352941,0.27450980392156865,0.09433962264150944,0.1818181818181818,0.677851140499115,0.677851140499115,0.7008968591690063,0.7558907270431519,0.6791124939918518,0.7361195087432861
"Para encontrar las actas de asamblea:

1.  Navegue a la sección ""documentos"".
2.  En la subsección ""actas"", el administrador puede subir archivos de actas administrativas del condominio o fraccionamiento.","Para encontrar las actas de asamblea:

1.  Navegue a la sección ""Documentos"".
2.  En la subsección ""Actas"", el administrador puede subir archivos de actas administrativas del condominio o fraccionamiento.","Para encontrar las actas de asamblea:

1.  Navega a la sección ""documentos"".
2.  En la subsección ""actas"", el administrador puede subir archivos de actas administrativas del condominio o fraccionamiento.","Para encontrar las actas de asamblea:

1.  Navegue a la sección ""Documentos"".
2.  En la subsección ""Actas"", el administrador puede subir archivos de actas administrativas del condominio o fraccionamiento.",No tengo información relacionada a tu pregunta.,No tengo información relacionada a tu pregunta.,Dirígete a 'Documentos' > 'Actas'. Ahí el administrador publica las actas de asamblea disponibles para consulta.,0.33333333333333337,0.33333333333333337,0.33333333333333337,0.33333333333333337,0.08695652173913043,0.08695652173913043,0.09321393919356823,0.09321393919356823,0.09321393919356823,0.09321393919356823,0.04464697577941834,0.04464697577941834,0.25531914893617014,0.25531914893617014,0.25531914893617014,0.25531914893617014,0.08333333333333333,0.08333333333333333,0.7636451125144958,0.7802526354789734,0.7617396712303162,0.7802526354789734,0.6629530787467957,0.6629530787467957
"En la sección de ""Administración"" se publican documentos de interés general, ahí puedes ver las 24 horas los 365 días del año las actas de asamblea de tu condominio, minutas de reuniones vecinales y reglamentos internos para la sana convivencia de tu entorno.","El reglamento del condominio se encuentra en la sección de Administración.

Para acceder a él, sigue estos pasos:

1.  Dirígete al menú principal.
2.  Busca y selecciona la sección ""Administración"".

En esta sección, podrás encontrar y consultar los reglamentos internos para la sana convivencia.","El reglamento interno de tu condominio lo puedes encontrar en la sección de ""Administración"". Allí se publican documentos de interés general, disponibles las 24 horas del día, los 365 días del año. El administrador del condominio es quien sube estos documentos para que todos los condóminos tengan acceso a ellos.","El reglamento interno del condominio se encuentra en la sección de ""Administración"". Allí puedes ver las 24 horas del día, los 365 días del año, las actas de asamblea de tu condominio, minutas de reuniones vecinales y reglamentos internos para la sana convivencia de tu entorno.","El reglamento interno de tu condominio está disponible en la sección de Administración.

Para acceder a él, sigue estos pasos:

1.  Dirígete a la sección ""Administración"" en el menú principal.
2.  Dentro de esta sección, podrás encontrar y consultar los reglamentos internos, así como otros documentos de interés general.","Los reglamentos de uso están disponibles en la sección de administración.

Para acceder a ellos, sigue estos pasos:

1.  Dirígete a la sección de ""Administración"" en el menú principal.
2.  Dentro de esta sección, encontrarás los reglamentos internos.",El reglamento se encuentra en 'Documentos' > 'Reglamento'. Está visible para todos los usuarios.,0.16326530612244897,0.2692307692307692,0.25,0.2745098039215686,0.2181818181818182,0.18604651162790697,0.03115572050070797,0.06326175443510386,0.043472087194499125,0.060464684812617894,0.03486098732240211,0.031932994368391886,0.13114754098360656,0.21875,0.19999999999999998,0.21875,0.14285714285714285,0.13559322033898305,0.6821762919425964,0.7116562128067017,0.7154788970947266,0.7189943790435791,0.7073407769203186,0.7159281969070435
"Para enviar mensajes globales:

1.  Los administradores pueden enviar mensajes globales a todos los usuarios registrados en la plataforma y suscritos al fraccionamiento o condominio.
2.  Ve a la sección de ""Mensajes"". Este es el canal de comunicación donde los administradores pueden enviar mensajes globales a todos los usuarios.","Para enviar mensajes globales:

1.  Dirígete a la sección ""Mensajes"".
2.  Los administradores pueden enviar mensajes globales a todos los usuarios registrados en la plataforma y suscritos al fraccionamiento o condominio.","Para enviar mensajes globales como administrador:

1.  Dirígete a la sección de ""Mensajes"".
2.  Dentro de ""Mensajes"", busca la opción para enviar ""Mensajes Globales"". Esta función permite enviar mensajes a todos los usuarios registrados en la plataforma y suscritos al fraccionamiento o condominio.","Los administradores pueden enviar mensajes globales a todos los usuarios registrados en la plataforma siguiendo estos pasos:

1.  Navegue a la sección ""Mensajes"".
2.  Los administradores pueden enviar mensajes globales a todos los usuarios registrados en la plataforma y suscritos al fraccionamiento o condominio.","Para enviar mensajes globales:

1.  Ve a la sección de ""Mensajes"".
2.  Los administradores pueden enviar mensajes globales a todos los usuarios registrados en la plataforma y suscritos al fraccionamiento o condominio.","Los administradores pueden enviar mensajes globales a todos los usuarios a través de la sección ""Mensajes"".

Para acceder a esta sección, sigue estos pasos:

1.  Dirígete al menú principal.
2.  Selecciona ""Mensajes"".

Dentro de ""Mensajes"", podrás redactar y enviar mensajes que serán recibidos por todos los usuarios de la plataforma.",Los administradores pueden enviar mensajes globales desde 'Mensajes' > 'Mensajes Globales' a todos los usuarios registrados.,0.36734693877551017,0.43902439024390244,0.27999999999999997,0.42857142857142855,0.42857142857142855,0.339622641509434,0.1552904772296002,0.2477518912247381,0.10135432945851759,0.1732494496572943,0.2398180747445385,0.15213646010839674,0.3939393939393939,0.45833333333333326,0.3548387096774194,0.4666666666666667,0.45833333333333326,0.30985915492957744,0.7947321534156799,0.8106590509414673,0.7944487929344177,0.7991434335708618,0.8165045380592346,0.7677057385444641
"1.  Navega a la sección ""finanzas"" y luego a la subsección ""egresos"".
2.  El administrador puede registrar los gastos del fraccionamiento o condominio aquí.

Por el momento no existe la opción de eliminar recibos de forma definitiva en la plataforma. Las operaciones disponibles son:",1.  Por el momento no existe la opción de eliminar recibos de forma definitiva en la plataforma. Las operaciones disponibles son,"1.  Navegue a la sección ""finanzas"" y luego a la subsección ""egresos"".
2.  El administrador puede registrar los gastos del fraccionamiento o condominio aquí.

Por el momento no existe la opción de eliminar recibos de forma definitiva en la plataforma. Las operaciones disponibles son",No tengo información relacionada a tu pregunta.,No tengo información relacionada a tu pregunta.,No tengo información relacionada a tu pregunta.,No es posible eliminar recibos definitivamente. Solo se pueden aprobar o rechazar (administrador) o cancelar adeudos desde 'Reportes' > 'Por Casa'.,0.13793103448275862,0.15384615384615385,0.13793103448275862,0.07407407407407408,0.07407407407407408,0.07407407407407408,0.03619362128960128,0.06989714729805141,0.03619362128960128,0.021856554617255542,0.021856554617255542,0.021856554617255542,0.08955223880597013,0.14285714285714282,0.08955223880597013,0.07142857142857144,0.07142857142857144,0.07142857142857144,0.700311005115509,0.709262490272522,0.7062471508979797,0.6493026614189148,0.6493026614189148,0.6493026614189148
"Para dar de alta un proveedor, ten en cuenta lo siguiente:

1.  **Proveedores Públicos:**

    *   Navega a la sección ""proveedores"".
    *   Los proveedores públicos son visibles para todos los residentes e incluyen servicios generales como luz, agua, hospitales, veterinarias, jardineros, etc.
2.  **Proveedores Privados:**

    *   Solo los administradores pueden ver y dar de alta proveedores en la subsección ""proveedores privados"".
    *   Esta sección está destinada principalmente a proveedores que brindan servicios específicos para el mantenimiento del condominio.
    *   Tanto los proveedores públicos como los privados se pueden seleccionar en la sección ""finanzas / egresos"".","Para dar de alta un proveedor, ten en cuenta lo siguiente:

1.  Navegue a la sección ""Proveedores"".
2.  Los proveedores públicos son visibles para todos los residentes e incluyen servicios generales como luz, agua, hospitales, veterinarias, jardineros, etc.
3.  Solo los administradores pueden ver y dar de alta proveedores en la subsección ""Proveedores Privados"".
4.  Esta sección está destinada principalmente a proveedores que brindan servicios específicos para el mantenimiento del condominio.
5.  Tanto los proveedores públicos como los privados se pueden seleccionar en la sección ""Finanzas / Egresos"".","Para dar de alta un proveedor, ten en cuenta lo siguiente:

1.  Solo los administradores pueden dar de alta proveedores en la subsección ""Proveedores privados"".
2.  Navega a la sección ""Proveedores"".
3.  Los proveedores públicos son visibles para todos los residentes e incluyen servicios generales como luz, agua, hospitales, veterinarias, jardineros, etc.
4.  La sección de ""Proveedores privados"" está destinada principalmente a proveedores que brindan servicios específicos para el mantenimiento del condominio.
5.  Tanto los proveedores públicos como los privados se pueden seleccionar en la sección ""Finanzas / Egresos"".","Para dar de alta un proveedor, sigue estos pasos:

1.  Navega a la sección ""Proveedores"".
2.  Solo los administradores pueden ver y dar de alta proveedores en la subsección ""Proveedores Privados"".
3.  Los proveedores públicos son visibles para todos los residentes e incluyen servicios generales como luz, agua, hospitales, veterinarias, jardineros, etc.
4.  Esta sección está destinada principalmente a proveedores que brindan servicios específicos para el mantenimiento del condominio.",No tengo información relacionada a tu pregunta.,El administrador puede agregar proveedores de productos o servicios según las características de cada condominio.,El administrador puede dar de alta proveedores desde 'Proveedores' > 'Proveedores Privados'. Aquí agrega los proveedores que podrán ser seleccionados para egresos.,0.1839080459770115,0.18604651162790697,0.19047619047619047,0.20779220779220778,0.0,0.2857142857142857,0.04417906305545353,0.04721743160371283,0.046682342155332526,0.057674300540148604,0.0,0.10316825358380953,0.20338983050847456,0.1896551724137931,0.20512820512820515,0.22916666666666666,0.06666666666666667,0.25641025641025644,0.7484108805656433,0.7532919049263,0.7535491585731506,0.7675346732139587,0.6330782771110535,0.7500614523887634
